reason,folder,filename
loop,"Dagshai 2001/01 JAN - 2001/19 JAN - 6 PM","03 MAIN PYASA TERE DARSHAN KA.json"
loop,"Dagshai 2001/01 JAN - 2001/DAGSHAI 15 - 19 JAN 2001/MISC DAGSHAI RECORDING/EVENING $","02 MUKADDAR AAZMANE AA GAYA.json"
loop,"Dagshai 2001/05 MAY - 2001/4 MAY - 630 PM","03 TU NISHANE BENISHAN HAIN(INCOMPLETE).json"
loop,"Dagshai 2001/05 MAY - 2001/8 MAY - 7 PM","05 SAMBODHAN - RISHI JI.json"
loop,"Dagshai 2001/05 MAY - 2001/DAGSHAI 28 - 30 MAY 2001/29 MAY - 3$ - 6 PM","04 GURUDEV MUJHE BHI APNA.json"
loop,"Dagshai 2001/05 MAY - 2001/DAGSHAI 28 - 30 MAY 2001/30 MAY - 4$ - 7 PM","03 GURUDEV MERE GURUDEV MERE.json"
loop,"Dagshai 2001/06 JUNE - 2001/20 JUNE - 630 PM","03 DHOOL TERE CHARNO KI.json"
loop,"Dagshai 2001/06 JUNE - 2001/23 JUNE - 630 PM","03 TERE DAR PE MERE GURUVAR.json"
loop,"Dagshai 2001/06 JUNE - 2001/DAGSHAI 1 - 3 JUNE 2001/2 JUNE - 3$ - 1130 AM","02 AISI KRIPA KARO.json"
loop,"Dagshai 2001/06 JUNE - 2001/DAGSHAI 25 - 27 JUNE 2001/26 JUNE - 3$ - 645 PM","03 KAHAN JA RAHAN HAIN.json"
loop,"Dagshai 2001/07 JULY - 2001/GURUPOOJA DAGSHAI 1 - 7 JULY 2001/5 JULY - 6$ - 630 AM","05 GURUPURNIMA NAMAH.json"
loop,"Dagshai 2001/07 JULY - 2001/GURUPOOJA DAGSHAI 1 - 7 JULY 2001/5 JULY - 7$ - 7 PM","04 GURUPURNIMA NAMAH.json"
loop,"Dagshai 2001/09 SEP - 2001/15 SEP - 630 PM","05 PRAVACHAN.json"
loop,"Dagshai 2001/10 OCT - 2001/9 OCT - 630 PM","03 LAGAN HARI SE LAGA BAITHE.json"
loop,"Dagshai 2001/10 OCT - 2001/DAGSHAI 27 - 28 OCT 2001/27 OCT - 2$ - 6 PM","03 MAIN PYASA TERE DARSHAN KA.json"
loop,"Dagshai 2001/10 OCT - 2001/DAGSHAI 27 - 28 OCT 2001/27 OCT - 2$ - 6 PM","05 TERE NOOR TO MAIN SADKE JAVA.json"
loop,"Dagshai 2001/11 NOV - 2001/DAGSHAI 29 NOV - 1 DEC 2001/30 NOV - 3$ - 6 PM","03 JARA TO KHUL KE BARAS.json"
loop,"Dagshai 2001/12 DEC - 2001/NEW YEAR CAMP DAGSHAI 30 DEC - 1 JAN 2002/31 DEC - 4$ - 930 PM","03 MUKADDAR AAZMANE AA.json"
loop,"Dagshai 2002/01 JAN - 2002/DAGSHAI 2 - 11 JAN 2002/11 JAN - 10$ - 6 PM","02 HEY MERE GURUDEV KARUNA SINDHU.json"
loop,"Dagshai 2002/01 JAN - 2002/DAGSHAI 2 - 11 JAN 2002/11 JAN - 9$ - 6 AM","03 MERI ZINDAGI MEIN KYA THA.json"
loop,"Dagshai 2002/01 JAN - 2002/DAGSHAI 2 - 11 JAN 2002/6 JAN - 3$ - 6 AM","01 MEDITATION.json"
loop,"Dagshai 2002/03 MAR - 2002/15 MAR - 630 PM","02 DEEDAR KE PYASE HAIN.json"
loop,"Dagshai 2002/03 MAR - 2002/DAGSHAI 10 - 13 MAR 2002 SHIVRATRI CAMP/12 MAR - 7$ - 6 PM","04 MERO MAN VAIRAGI.json"
loop,"Dagshai 2002/03 MAR - 2002/DAGSHAI 26 - 29 MAR 2002 HOLI CAMP/28 MAR - 4$ - 530 AM","05 GUM SABHI RAAH KE (2).json"
loop,"Dagshai 2002/04 APR - 2002/18 APRIL - 7 PM/18 APR - 6 PM (cassette recording)","01 TERI SURAT JO MAN MEIN.json"
loop,"Dagshai 2002/05 MAY - 2002/5 MAY - 7 PM","02 OM GURUVE NAMAH.json"
loop,"Dagshai 2002/05 MAY - 2002/9 MAY - 7 PM","02 MAIN PYASA TERE DARSHAN KA.json"
loop,"Dagshai 2002/05 MAY - 2002/DAGSHAI 3 - 5 MAY 2002/5 MAY - 4$ - 730 AM","02 HE MERE GURUDEV KARUNA (2).json"
loop,"Dagshai 2002/06 JUNE - 2002/7 JUNE - 7 PM","03 OM GURUVE NAMAH (2).json"
loop,"Dagshai 2002/06 JUNE - 2002/8 JUNE - 7 PM","04 AISEE KIRPO KARO (1).json"
loop,"Dagshai 2002/06 JUNE - 2002/DAGSHAI 28 - 30 JUNE 2002/30 JUNE - 4$ - 7 AM","03 AA TUJHE MAIN DIL MEIN.json"
loop,"Dagshai 2002/07 JULY - 2002/DAGSHAI 19 - 22 JULY 2002/21 JUL - 5$ - 7 AM","09 GURUPURNIMA NAMAH (2).json"
loop,"Dagshai 2002/12 DEC - 2002/DAGSHAI 22 - 26 DEC 2002/23 DEC - 4$ - 6 PM","04 DE MAST FAKIRI & SAMBODHAN.json"
loop,"Dagshai 2003/01 JAN - 2003/17 JAN - 6 PM","01 MAINE JAB TAK TUMHE DEKHA NAHI THA.json"
loop,"Dagshai 2003/05 MAY - 2003/22 MAY - 6 PM","03 HARI BINA KAUN HARE.json"
loop,"Dagshai 2003/05 MAY - 2003/DAGSHAI 13 - 15 MAY 2003/14 MAY - 2$ - 12 PM","03 JO JO PRABHU KE KAREEB.json"
loop,"Dagshai 2003/05 MAY - 2003/DAGSHAI 8 - 12 MAY 2003/12 MAY - 8$ - 630 PM","03 MUJHE HAI TALAASH TERI.json"
loop,"Dagshai 2003/05 MAY - 2003/DAGSHAI 8 - 12 MAY 2003/9 MAY - 3$ - 630 PM","01 BAN KE MERA HUMKADAM.json"
loop,"Dagshai 2003/05 MAY - 2003/PUNJAB CAMP DAGSHAI 23 - 25 MAY 2003/23 MAY - 1$ - 6 PM","03 OM GURUVE NAMAH.json"
loop,"Dagshai 2003/06 JUNE - 2003/21 JUNE - 7 PM","03 JAGAT KE RANG KYA.json"
loop,"Dagshai 2003/06 JUNE - 2003/DAGSHAI 22 - 25 JUNE 2003 CHILDREN CAMP/22 JUNE - 1$ - 7 PM","04 AUM GURUVE NAMAH.json"
loop,"Dagshai 2003/07 JULY - 2003/DAGSHAI 7 - 8 JULY 2003/7 JULY - 1$ - 7 PM","02 OM GURUVE NAMAH.json"
loop,"Dagshai 2003/07 JULY - 2003/DAGSHAI 7 - 8 JULY 2003/7 JULY - 1$ - 7 PM","03 PILA DE O SAKI.json"
loop,"Dagshai 2003/09 SEP - 2003/18 SEPT 630 PM","03 JAGAT KE RANG KYA DEKHOON.json"
loop,"Dagshai 2003/09 SEP - 2003/22 SEP 6 PM","02 MAIN PYASA TERE DARSHAN KA.json"
loop,"Dagshai 2003/09 SEP - 2003/6 SEP 630 PM","04 AISEE NIGAH BANA DE.json"
loop,"Dagshai 2003/09 SEP - 2003/DAGSHAI 12 - 14 SEP 2003/14 SEP 4$ 12 PM","04 TUM NA MANO.json"
loop,"Dagshai 2003/12 DEC - 2003/DAGSHAI 25 - 29 DEC 2003/25 DEC - 1$ - 6 PM","02 HE MERE MURSHID MERI HASRAT.json"
loop,"Dagshai 2003/12 DEC - 2003/DAGSHAI 25 - 29 DEC 2003/26 DEC - 2$ - 12 PM","02 JAB DAR PE TUMHARE HI.json"
loop,"Dagshai 2004/05 MAY - 2004/20 MAY 630 PM","01 MAIN NAHI MERA NAHI.json"
loop,"Dagshai 2004/05 MAY - 2004/DAGSHAI 22 - 25 MAY 2004 TEACHERS CAMP/24 MAY - 6$ - 715 PM","04 PRAVACHAN.json"
loop,"Dagshai 2004/05 MAY - 2004/DAGSHAI 7 - 9 MAY 2004/8 MAY - 3$ - 630 PM","04 GAFLAT KI NEEND MEIN.json"
loop,"Dagshai 2004/06 JUNE - 2004/8 JUNE 7 PM","01 MEDITATION.json"
loop,"Dagshai 2004/06 JUNE - 2004/DAGSHAI 10 - 13 JUNE CHILDREN CAMP/12 JUNE 4$ 7 PM","04 AISEE KIRPA KARO SADGURU .json"
loop,"Dagshai 2004/06 JUNE - 2004/DAGSHAI 19 - 21 JUNE 2004/20 JUNE 2$ 1130 AM","03 PRAVACHAN - START WITH.json"
loop,"Dagshai 2004/06 JUNE - 2004/DAGSHAI 21 - 23 JUNE 2004/22 JUNE 2$ 1130 AM","03 PRAVACHAN.json"
loop,"Dagshai 2004/06 JUNE - 2004/DAGSHAI 21 - 23 JUNE 2004/22 JUNE 3$ 645 PM","07 MERE SAHIBA MAIN TERI.json"
loop,"Dagshai 2004/06 JUNE - 2004/DAGSHAI 25 - 27 JUNE 2004/25 JUNE 1$ 7 PM","04 HEY MERE MURSHID.json"
loop,"Dagshai 2004/06 JUNE - 2004/DAGSHAI 25 - 27 JUNE 2004/26 JUNE 2$ 1130 AM","05 MAIKHANE MEIN BAITHE HAI.json"
loop,"Dagshai 2004/06 JUNE - 2004/DAGSHAI 25 - 27 JUNE 2004/27 JUNE 3$ 730 PM","03 MUJHE GURUVAR YAHI VAR DO.json"
loop,"Dagshai 2004/08 AUG - 2004/DAGSHAI 13 - 15 AUG 2004/13 AUG 1$ 630 PM","04 KAUN SI MADIRA PILAI.json"
loop,"Dagshai 2004/09 SEP - 2004/17 SEP 630 PM","03 MAINE JAB TAK TUMHE.json"
loop,"Dagshai 2004/10 OCT - 2004/21 OCT 630 PM","03 KAHAN JA RAHA HAI.json"
loop,"Dagshai 2004/11 NOV - 2004/DAGSHAI 13 - 15 NOV 2004 DIWALI CAMP/14 NOV - 2$ - 1130 AM","04 PRAVACHAN.json"
loop,"Dagshai 2004/11 NOV - 2004/DAGSHAI 13 - 15 NOV 2004 DIWALI CAMP/14 NOV - 3$ - 6 PM","03 MAIKHANE MEIN BAITHE HAIN.json"
loop,"Dagshai 2005/02 FEB - 2005/2 FEB 630 PM","02 TU NISHANE BENISHAN.json"
loop,"Dagshai 2005/03 MAR - 2005/23 MAR 615 PM","03 PYAR NAHI HAI SWAYAM SE.json"
loop,"Dagshai 2005/03 MAR - 2005/DAGSHAI 24 - 26 MAR 2005 HOLI CAMP/26 MAR-4$-1130 AM","03 PRAVACHAN.json"
loop,"Dagshai 2005/04 APR - 2005/22 APR 630 PM","03 MERO MAN VAIRAGI KAISO BA.json"
loop,"Dagshai 2005/04 APR - 2005/DAGSHAI 6 - 10 APR 2005/8 APR - 5$ - 630 PM","03 PRAVACHAN.json"
loop,"Dagshai 2005/06 JUNE - 2005/15 JUNE 12 PM","02 JAGAT KE RANG KYA DEKHOON.json"
loop,"Dagshai 2005/06 JUNE - 2005/DAGSHAI 13 - 15 JUNE 2005/14 JUNE - 2$ - 12 PM","03 TERE DAR PE MERE GURUVAR.json"
loop,"Dagshai 2005/08 AUG - 2005/22 AUG 630 PM","04 COMM ABOUT PURSHOTTAM & P.json"
loop,"Dagshai 2005/09 SEP - 2005/9 SEP 6 PM","02 DEEDAR KE PYASE HAIN.json"
loop,"Dagshai 2005/10 OCT - 2005/29 OCT 630 PM","03 HEY MERE GURUDEV KARUNA.json"
loop,"Dagshai 2005/10 OCT - 2005/31 OCT 630 PM","07 DEEPAWALI CELEBRATION.json"
loop,"Dagshai 2005/10 OCT - 2005/5 OCT 1130 AM","03 HEY MERE MURSHID MERI HA.json"
loop,"Dagshai 2005/10 OCT - 2005/5 OCT 630 PM","04 KAISE SAKOON PAAOON.json"
loop,"Dagshai 2006/04 APR - 2006/20 APR 645 PM","03 MAIN NAHI MERA NAHI.json"
loop,"Dagshai 2006/04 APR - 2006/DAGSHAI 22 - 23 APR 2006/22 APR 1$ 12 PM","02 JAB KISI SE KOI.json"
loop,"Dagshai 2006/04 APR - 2006/DAGSHAI 22 - 23 APR 2006/23 APR 3$ 11 AM","04 PRAVACHAN.json"
loop,"Dagshai 2006/05 MAY - 2006/DAGSHAI 20 - 23 MAY 2006 CHILDREN CAMP/22 MAY YOGA","01 YOGA.json"
loop,"Dagshai 2006/06 JUNE - 2006/19 JUNE 630 PM","04 TERE CHARNON MEIN SAR.json"
loop,"Dagshai 2006/06 JUNE - 2006/DAGSHAI 16 - 18 JUNE 2006/16 JUNE 1$ 1130 AM","02 JAAG JAAG 0 MANUA.json"
loop,"Dagshai 2006/06 JUNE - 2006/DAGSHAI 16 - 18 JUNE 2006/17 JUNE 4$ 700 PM","03 DERD SE MERA DAMAN.json"
loop,"Dagshai 2006/07 JULY - 2006/7 JUL 630 PM","04 BIRTHDAY CELEBRATION.json"
loop,"Dagshai 2006/08 AUG - 2006/3 AUG 645 PM","03 KAUN HARE DUKH MERO.json"
loop,"Dagshai 2006/08 AUG - 2006/DAGSHAI 14 - 16 AUG 2006/14 AUG - 1$ - 630 PM","05 TUNE KHOLA NA DER.json"
loop,"Dagshai 2006/08 AUG - 2006/DAGSHAI 26 - 27 AUG 2006/27 AUG - 2$ - 1130 AM","03 MUJHE GURUVAR YAHI VAR DO.json"
loop,"Live Masters 2010/01 NOIDA 7 - 10 JAN 2010/8 JAN - 2$ - 1030 AM","05 MAUSAM KOI HO.json"
loop,"Live Masters 2010/02 PITAMPURA DELHI 12 - 14 JAN 2010/11 JAN - WELCOME CELEBRATION","01 WELCOME CELEBRATION.json"
loop,"Live Masters 2010/04 PUNJABI BAGH CENTRE DELHI 19 - 20 JAN 2010/20 JAN - 3$ - 6 PM","1 COMPLETE SITTING (ZOOM RECORDER).json"
loop,"Live Masters 2010/05 MCF AUDI. FARIDABAD 22 - 25 JAN 2010/24 JAN - 5$ - 1030 AM","04 OM GURUVE NAMAH.json"
loop,"Live Masters 2010/08 ASHOK VIHAR DELHI 17 - 18 FEB 2010/17 FEB - 1$ - 630 PM","1 COMPLETE SITTING.json"
loop,"Live Masters 2010/10 RISHIKESH 27 FEB - 1 MAR 2010/28 FEB - 5$ - 1130 AM","06 SAMBODHAN.json"
loop,"Live Masters 2010/11 MCF AUDITORIUM FARIDABAD 20 - 21 MAR 2010/20 MAR - 3$ - 630 PM","04 OM GURUVE NAMAH.json"
loop,"Live Masters 2010/13 PANCHKULA 11 - 12 APR 2010/13 APR - PITAMBERDHARAN CELEBRATION - 815 AM","07 PITAMBERDHARAN CELEBRATION.json"
loop,"Live Masters 2010/13 PANCHKULA 11 - 12 APR 2010/13 APR - PITAMBERDHARAN CELEBRATION - 815 AM","2 COMPLETE SITTING (PART-2).json"
loop,"Live Masters 2010/19 SOLAN 29 - 31 OCT 2010/31 OCT - 6$ - 1130 AM","12 SAMBODHAN.json"
loop,"Live Masters 2010/21 DELHI 5 - 7 NOV 2010/6 NOV - 4$ - 1130 AM","02 MEDITATION (WITHOUT OM).json"
loop,"Live Masters 2010/21 DELHI 5 - 7 NOV 2010/7 NOV - 7$ - 1130 AM","03 BAREY PREM SE DO GHARI.json"
loop,"Live Masters 2010/25 BATHINDA 26 - 29 DEC 2010/28 NOV - 6$ - 1130 AM","06 BHAAV KE BHUKHEY HAIN.json"
loop,"Live Masters 2010/27 SRI GANGANAGAR 1 - 5 DEC 2010/1 DEC - 1$ - 6 PM","02 MEDITATION & PRAVACHAN.json"
loop,"Live Masters 2010/30 LUDHIANA 17 - 19 DEC 2010/18 DEC - 2$ - 11 AM","02 MEDITATION (WITHOUT OM).json"
loop,"Live Masters 2011/03 ASHOK VIHAR DELHI 18 - 20 FEB 2011/19 FEB - 4$ - 630 PM","05 JAB MERA DARD TERE SAATH.json"
loop,"Live Masters 2011/03 ASHOK VIHAR DELHI 18 - 20 FEB 2011/19 FEB - 4$ - 630 PM","07 ZINDAGI KA KHEL HANSTE HANSTE.json"
loop,"Live Masters 2011/06 TTP DELHI 25 - 27 MAR 2011/25 MAR - 2$ - 630 PM","05 CHIRAG-E-ISHQ JALAO.json"
loop,"Live Masters 2011/06 TTP DELHI 25 - 27 MAR 2011/27 MAR - 6$ - 630 PM","03 JAGIYE ISI JANAM MEIN.json"
loop,"Live Masters 2011/07 PANCHKULA 11 - 12 APR 2011/13 APR - PITAMBERDHARAN $ - 830 AM","08 PITAMBERDHARAN CELEBRATION.json"
loop,"Live Masters 2011/08 SOLAN 14 - 17 APR 2011/16 APR - 5$ - 630 AM","02 PRAVACHAN (CHHORO JAHAN KI).json"
loop,"Live Masters 2011/08 SOLAN 14 - 17 APR 2011/16 APR - 7$ - 630 PM","05 NA TAZDARAN DE.json"
loop,"Live Masters 2011/09 MANALI 14 - 17 MAY 2011/17 MAY - 8$ - 6 PM","16 SAMBODHAN.json"
loop,"Live Masters 2011/10 SHIMLA 12 - 14 JUNE 2011/13 JUNE - 6$ - 630 PM","08 ANNOUNCEMENT (NEELIMA JI).json"
loop,"Live Masters 2011/11 GURUPURNIMA DELHI 14 - 17 JULY 2011/14 JUL - 1$ - 11 AM","1 COMPLETE SITTING (SONY RECORDER).json"
loop,"Live Masters 2011/11 GURUPURNIMA DELHI 14 - 17 JULY 2011/16 JUL - 6$ - 6 AM","06 PITAMBERDHARAN CELEBRATION.json"
loop,"Live Masters 2011/11 GURUPURNIMA DELHI 14 - 17 JULY 2011/16 JUL - 6$ - 6 AM","2 COMPLETE SITTING (SONY RECORDER).json"
loop,"Live Masters 2011/12 CHAIL 28 - 31 JULY 2011/30 JULY - 7$ - 6 PM","04 JO RAAH CHUNI TUMNE.json"
loop,"Live Masters 2011/13 CHANDIGARH 16 - 18 SEP 2011/17 SEP - 3$ - 6 PM","03 NA HAI DAIR KI ZARURAT.json"
loop,"Live Masters 2011/16 CHANDIGARH 23 - 25 DEC 2011/23 DEC - 1$ - 6 PM","04 CHAIN TUMSE KARAR TUMSE HAI.json"
loop,"Live Masters 2011/16 CHANDIGARH 23 - 25 DEC 2011/25 DEC - 5$ - 1130 AM","05 SAMBODHAN.json"
loop,"Live Masters 2012/01 NOIDA 6 - 8 JAN 2012/7 JAN - 3$ - 6 PM","03 OM GURUVE NAMAH.json"
loop,"Live Masters 2012/01 NOIDA 6 - 8 JAN 2012/7 JAN - 3$ - 6 PM","05 SARE JAG KO DEKH.json"
loop,"Live Masters 2012/03 PUNJABI BAGH DELHI 14 - 15 JAN 2012/14 JAN - 1$ - 6 PM","03 NA HAI DAIR KI ZARURAT.json"
loop,"Live Masters 2012/03 PUNJABI BAGH DELHI 14 - 15 JAN 2012/15 JAN - 2$ - 730 AM","02 MEDITATION (WITHOUT OM).json"
loop,"Live Masters 2012/05 PALLA ROAD DELHI 23 - 29 JAN 2012/24 JAN - 2$ - 1130 AM","1 COMPLETE SITTING (IC RECORDER).json"
loop,"Live Masters 2012/05 PALLA ROAD DELHI 23 - 29 JAN 2012/28 JAN - 9$ - 1130 AM","04 APNI ZINDAGI KO TERE NAAM.json"
loop,"Live Masters 2012/05 PALLA ROAD DELHI 23 - 29 JAN 2012/28 JAN - 9$ - 1130 AM","1 COMPLETE SITTING (IC RECORDER).json"
loop,"Live Masters 2012/05 PALLA ROAD DELHI 23 - 29 JAN 2012/29 JAN - 11$ - 11 AM","02 MEDITATION.json"
loop,"Live Masters 2012/06 NARAINA DELHI 19 - 21 FEB 2012/21 FEB - 5$ - 630 PM","1 CMPLETE SITTING (IC RECORDER).json"
loop,"Live Masters 2012/12 SEC-9 PANCHKULA 12 - 13 APR 2012/12 APR - 1$ - 1030 PM","05 SAMBODHAN.json"
loop,"Live Masters 2012/14 GURUPURNIMA DELHI 1 - 3 JULY 2012/3 JULY - 6$ - 7 AM","04 PITAMBERDHARAN CELEBRATION.json"
loop,"Live Masters 2012/14 GURUPURNIMA DELHI 1 - 3 JULY 2012/3 JULY - 6$ - 7 AM","1 COMPLETE SITTING.json"
loop,"Live Masters 2012/15 HB CHANDIGARH 5 - 7 OCT 2012/5 OCT - 1$ - 630 PM","06 SAMBODHAN & PRAVACHAN.json"
loop,"Live Masters 2012/15 HB CHANDIGARH 5 - 7 OCT 2012/6 OCT - 3$ - 630 PM","04 ISHQ HOTA NAHI.json"
loop,"Live Masters 2012/16 KUMRA PALACE LUUDHIANA 12 - 14 OCT 2012/12 OCT - 1$ - 630 PM","02 PRAVACHAN & MEDITATION.json"
loop,"Live Masters 2012/16 KUMRA PALACE LUUDHIANA 12 - 14 OCT 2012/13 OCT - 2$ - 630 AM","03 BHULE HUE MUSAFIR.json"
loop,"Live Masters 2012/18 FARIDABAD 16 - 18 NOV 2012/18 NOV - 5$ - 11 AM","03 MAIN KHUD APNI TALAASH.json"
loop,"Live Masters 2012/19 BATHINDA 30 NOV - 2 DEC 2012/03 DEC - 6$ - 630 AM","03 TERI IK NAZAR KI KIMAT.json"
loop,"Live Masters 2013/02 GURU KIRPA DELHI 12 - 13 JAN 2013/12 JAN - 1$ - 11 AM","05 RAVACHAN & SAMBODHAN.json"
loop,"Live Masters 2013/04 ASHOK VIHAR DELHI 1 - 3 MAR 2013/2 MAR - 3$ - 630 PM","03 AA CHHOD KE SABHI .json"
loop,"Live Masters 2013/04 ASHOK VIHAR DELHI 1 - 3 MAR 2013/2 MAR - 3$ - 630 PM","04 TERE DAR KA JO DEKHA.json"
loop,"Live Masters 2013/05 MAHASHIVRATRI DELHI 9 - 10 MAR 2013/9 MAR - 1$ - 11 AM","03 PARAM PITA SE .json"
loop,"Live Masters 2013/06 PB CLUB DELHI 15 - 17 MAR 2013/16 MAR - 3$ - 6 PM","03 CHHOD FIQAR DUNIA KI.json"
loop,"Live Masters 2013/07 KUMRA PALACE LUDHIANA 29 - 31 MAR 2013/30 MAR - 3$ - 630 PM","03 AANE WALO YE TO BATAO.json"
loop,"Live Masters 2013/08 CLARKS INN SAHIBABAD 12 - 14 APR 2013/14 APR - 4$ - 7 AM","05 PITAMBERDHARAN CELEBRATION.json"
loop,"Live Masters 2013/10 GURUPURNIMA DELHI 20 - 22 JULY 2013/21 JULY - 3$ - 11 AM","05 PITAMBERDHARAN CELEBRATION.json"
loop,"Live Masters 2013/12 KUMRA PALACE LUDHIANA 22 - 24 NOV 2013/24 NOV - 4$ - 1030 AM","03 JAGIYE ISI JANM MEIN.json"
loop,"Live Masters 2014/02 GURU KIRPA FARM DELHI 5 - 19 JAN 2014/11 JAN - 10$ - 1030 AM","04 ABHIMAN MEIN NA AANA.json"
loop,"Live Masters 2014/02 GURU KIRPA FARM DELHI 5 - 19 JAN 2014/12 JAN - 13$ - 1030 AM","02 MEDITATION.json"
loop,"Live Masters 2014/03 CHHATTARPUR DELHI 25 - 26 JAN 2014/25 JAN - 2$ - 1130 AM","04 OM GURUVE NAMAH.json"
loop,"Live Masters 2014/03 CHHATTARPUR DELHI 25 - 26 JAN 2014/25 JAN - 2$ - 1130 AM","05 SAMBODHAN.json"
loop,"Live Masters 2014/04 SEC - 28 GROUND FARIDABAD 7 - 9 FEB 2014/8 FEB - 3$ - 6 PM","04 TU NISHANE BENISHAN HAI.json"
loop,"Live Masters 2014/04 SEC - 28 GROUND FARIDABAD 7 - 9 FEB 2014/9 FEB - 4$ - 1030 AM","04 MAIN KHUD APNI TALAASH.json"
loop,"Live Masters 2014/06 KIRTI NAGAR DELHI 22 - 23 FEB 2014/23 FEB - 2$ - 7 AM","03 JAGIYE ISI JANM MEIN.json"
loop,"Live Masters 2014/10 PB CLUB DELHI 21 - 23 MAR 2014/21 MAR - 1$ - 6 PM","04 MUKADDAR AAZMANE AA GAYA.json"
loop,"Live Masters 2014/10 PB CLUB DELHI 21 - 23 MAR 2014/23 MAR - 4$ - 7 AM","03 ABHIMAN MEIN NA AANA.json"
loop,"Live Masters 2014/13 MOUNTVIEW CHANDIGARH 9 - 11 MAY 2014/10 MAY - 3$ - 1030 AM","02 MEDITATION.json"
loop,"Live Masters 2014/13 MOUNTVIEW CHANDIGARH 9 - 11 MAY 2014/10 MAY - 3$ - 1030 AM","06 SAMVAAD.json"
loop,"Live Masters 2014/13 MOUNTVIEW CHANDIGARH 9 - 11 MAY 2014/11 MAY - 5$ - 7 AM","05 SAMBODHAN.json"
loop,"Live Masters 2014/15 VMR HISAR 8 - 9 JULY 2014/8 JULY - 1$ - 630 PM","04 SAMBODHAN.json"
loop,"Live Masters 2014/15 VMR HISAR 8 - 9 JULY 2014/9 JULY - 2$ - 7 AM","04 OM GURUVE NAMAH.json"
loop,"Live Masters 2015/01 GURUPURNIMA DELHI 30 JULY - 2 AUG 2015/31 JULY - 2$ - 530 AM","08 PITAMBERDHARAN CELEBRATION.json"
loop,"Live Masters 2015/03 SHIVALIK VIEW CHANDIGARH 2 - 4 OCT 2015/4 OCT - 4$ - 7 AM","02 MEDITATION.json"
loop,"Live Masters 2015/04 EXPO CENTRE NOIDA 16 - 18 OCT 2015/16 OCT - 1$ - 6 PM","02 MEDITATION.json"
loop,"Live Masters 2015/05 SOLAN 31 OCT - 1 NOV 2015/1 NOV - 3$ - 10 AM","03 ZINDAGI KA SAFAR KARNE WALE.json"
loop,"Live Masters 2015/07 CHHATTARPUR DELHI 25 - 27 DEC 2015/27 DEC - 4$ - 730 AM","08 SAMBODHAN.json"
loop,"Live Masters 2016/03 CHHATTARPUR DELHI 16 - 19 JULY 2016/17 JULY - 2$ - 630 AM","05 SAMBODHAN.json"
loop,"Live Masters 2016/03 CHHATTARPUR DELHI 16 - 19 JULY 2016/18 JULY - 5$ - 630 PM","05 PITAMBERDHARAN CELEBRATION.json"
loop,"Live Masters 2016/03 CHHATTARPUR DELHI 16 - 19 JULY 2016/19 JULY - 6$ - 530 AM","03 GURUPURNIMA NAMAH.json"
loop,"Live Masters 2016/05 CHHATTARPUR DELHI 30 DEC 2016 - 1 JAN 2017/1 JAN - 4$ - 7 AM","06 PITAMBERDHARAN CELEBRATION.json"
loop,"Live Masters 2016/05 CHHATTARPUR DELHI 30 DEC 2016 - 1 JAN 2017/31 DEC - 3$ - 615 PM","09 SAMBODHAN & PRAVACHAN.json"
empty,"Dagshai 2001/06 JUNE - 2001/DAGSHAI 21 - 23 JUNE 2001/unknown","07 MEDITATION (INCOMPLETE).json"
empty,"Dagshai 2002/01 JAN - 2002/DAGSHAI 2 - 11 JAN 2002/UNKNOWN","05 MEDITATION (INCOMPLETE).json"
empty,"Dagshai 2002/05 MAY - 2002/5 MAY - 7 PM","05 OM ONKAR.json"
empty,"Dagshai 2002/05 MAY - 2002/8 MAY - 7 PM","01 MEDITATION (1).json"
empty,"Dagshai 2002/12 DEC - 2002/DAGSHAI 22 - 26 DEC 2002/24 DEC - 6$ - 6 PM","01 MEDITATION (2).json"
empty,"Dagshai 2002/12 DEC - 2002/DAGSHAI 22 - 26 DEC 2002/25 DEC - 7$ - 7 AM","01 MEDITATION (1).json"
empty,"Dagshai 2002/12 DEC - 2002/DAGSHAI 22 - 26 DEC 2002/26 DEC - 9$ - 1230 PM","06 SAMBODHAN.json"
empty,"Dagshai 2004/09 SEP - 2004/DAGSHAI 3 - 5 SEP 2004/4 SEP - 3$ - 630 PM","03 OM GURUVE NAMAH.json"
empty,"Live Masters 2010/01 NOIDA 7 - 10 JAN 2010/9 JAN - 4$ - 1030 AM","03 OM GURUVE NAMAH.json"
empty,"Live Masters 2010/01 NOIDA 7 - 10 JAN 2010/9 JAN - 5$ - 6 PM","03 OM GURUVE NAMAH.json"
empty,"Live Masters 2010/33 NEW YEAR DELHI 31 DEC 2010 - 2 JAN 2011/31 DEC - 3$ - 1030 PM","05 SAMBODHAN.json"
